{"Fid":"fMMEJaBiSqmT_C-W-KF6mR","Status":3,"AuthToken":"eyJhbGciOiJFUzI1NiIsInR5cCI6IkpXVCJ9.eyJhcHBJZCI6IjE6NzI5NTg3NzQyMDYwOmFuZHJvaWQ6ZTdkNmY4N2M3ODNmNTJiOWE0MmY0OSIsImV4cCI6MTczNTIxOTQ0OSwiZmlkIjoiZk1NRUphQmlTcW1UX0MtVy1LRjZtUiIsInByb2plY3ROdW1iZXIiOjcyOTU4Nzc0MjA2MH0.AB2LPV8wRQIgY_58gTXRHIxfYCG7bprhrjOFV9UJflDjjUBPmqFyiscCIQC_l0I_ZTm76vV2g3HVkwaJCvkDv03vRl17Rf3eNynkVQ","RefreshToken":"3_AS3qfwJhmWrVVK7KzYrpnvKxJIWLrle2dqEcMgTn0nnhephdYoYq78id1FIBLMunSBKWKl0uBKSNpO-FuwR86T5J1l1U97xr2wQunuxiVmhQq6s","TokenCreationEpochInSecs":1734614652,"ExpiresInSecs":604800}